{"cameraMode":{"drawMode":0,"name":"Shaded","section":"Shading Mode"},"sceneLighting":false,"audioPlay":false,"sceneViewState":{"showFog":true,"showMaterialUpdate":true,"showSkybox":true,"showFlares":true,"showImageEffects":true,"showParticleSystems":true},"in2DMode":false,"pivot":{"x":-0.8689861297607422,"y":5.773711681365967,"z":5.204935073852539},"rotation":{"x":-0.043476544320583346,"y":-0.8367733359336853,"z":0.5416728854179382,"w":-0.06716214120388031},"size":9.017054557800293,"orthographic":false}